{
  "$comment": "This file is autogenerated, do not edit manually, see https://github.com/SAP/abap-file-formats for more information.",
  "$schema": "https://json-schema.org/draft/2020-12/schema",
  "$id": "https://github.com/SAP/abap-file-formats/blob/main/file-formats/smtg/smtg-v1.json",
  "title": "Demo Object Type SMTG",
  "description": "Demo object type SMTG",
  "type": "object",
  "properties": {
    "formatVersion": {
      "title": "Format Version",
      "description": "Format version",
      "type": "string",
      "const": "1"
    },
    "header": {
      "title": "Header",
      "description": "Header",
      "type": "object",
      "properties": {
        "description": {
          "title": "Description",
          "description": "Description of the ABAP object",
          "type": "string",
          "maxLength": 60
        },
        "originalLanguage": {
          "title": "Original Language",
          "description": "Original language of the ABAP object",
          "type": "string",
          "minLength": 2
        },
        "abapLanguageVersion": {
          "title": "ABAP Language Version",
          "description": "ABAP language version",
          "type": "string",
          "enum": [
            "standard",
            "keyUser",
            "cloudDevelopment"
          ],
          "enumTitles": [
            "Standard",
            "ABAP for Key Users",
            "ABAP Cloud Development"
          ],
          "enumDescriptions": [
            "Standard",
            "ABAP for key user extensibility",
            "ABAP cloud development"
          ],
          "default": "standard"
        }
      },
      "additionalProperties": false,
      "required": [
        "description",
        "originalLanguage"
      ]
    },
    "generalInformation": {
      "title": "General Information",
      "description": "General information",
      "type": "object",
      "properties": {
        "templateHeader": {
          "title": "Template Header",
          "description": "Contains basic template identifiers and description",
          "type": "object",
          "properties": {
            "templateId": {
              "title": "Template Name",
              "description": "Unique identifier for the template",
              "type": "string",
              "maxLength": 60
            },
            "cdsView": {
              "title": "CDS View",
              "description": "The corresponding CDS view name for the template",
              "type": "string",
              "maxLength": 30
            },
            "description": {
              "title": "Description",
              "description": "Brief description of the template",
              "type": "string",
              "maxLength": 255
            },
            "predelivered": {
              "title": "Predelivered",
              "description": "Indicator if the template is pre-delivered",
              "type": "boolean"
            }
          },
          "additionalProperties": false,
          "required": [
            "templateId",
            "cdsView"
          ]
        },
        "administrativeData": {
          "title": "Administrative Data",
          "description": "Contains info about template creation and modification",
          "type": "object",
          "properties": {
            "createdBy": {
              "title": "Created By",
              "description": "Created by",
              "type": "string"
            },
            "lastChangedBy": {
              "title": "Last Changed By",
              "description": "last changed by",
              "type": "string"
            }
          },
          "additionalProperties": false
        }
      },
      "additionalProperties": false,
      "required": [
        "templateHeader",
        "administrativeData"
      ]
    },
    "templateOptions": {
      "title": "Options",
      "description": "Options",
      "type": "object",
      "properties": {
        "languages": {
          "title": "Languages",
          "description": "Available languages for the template",
          "type": "array",
          "items": {
            "title": "Template Language",
            "description": "Language options for the template",
            "type": "object",
            "properties": {
              "country": {
                "title": "Language",
                "description": "Language code",
                "type": "string"
              },
              "html": {
                "title": "HTML",
                "description": "Indicates if HTML format is available",
                "type": "boolean"
              },
              "plain": {
                "title": "Plain",
                "description": "Indicates if plain text is available",
                "type": "boolean"
              },
              "auto": {
                "title": "Auto",
                "description": "Indicates if automatic plain text update is enabled",
                "type": "boolean"
              }
            },
            "additionalProperties": false,
            "required": [
              "country"
            ]
          }
        },
        "inputFields": {
          "title": "Input Fields",
          "description": "Input fields for the template from corresponding CDS view",
          "type": "array",
          "items": {
            "title": "Input Field",
            "description": "Input field",
            "type": "object",
            "properties": {
              "name": {
                "title": "Name",
                "description": "Name of the input field",
                "type": "string"
              },
              "text": {
                "title": "Text",
                "description": "Text asscociated with the input field",
                "type": "string"
              }
            },
            "additionalProperties": false,
            "required": [
              "name",
              "text"
            ]
          }
        }
      },
      "additionalProperties": false,
      "required": [
        "languages"
      ]
    },
    "templateContent": {
      "title": "Text",
      "description": "Text",
      "type": "object",
      "properties": {
        "bodyHtml": {
          "title": "Body HTML",
          "description": "The HTML body content of the email template",
          "type": "string"
        },
        "bodyPlainText": {
          "title": "Body Plain Text",
          "description": "The plain text body content of the email template",
          "type": "string"
        }
      },
      "additionalProperties": false
    }
  },
  "additionalProperties": false,
  "required": [
    "formatVersion",
    "header",
    "generalInformation",
    "templateOptions",
    "templateContent"
  ]
}
